Median Household Income,Poverty Rate %,Education Level %,Total Population,% White,% Black,% Asian,% Hispanic/Latino,Foreign Born Immigrant %,Median Age,Neighborhood Turnover %,state,county,tract
104052.0,0.022954091816367265,0.4610574189880614,2004.0,0.8398203592814372,0.013972055888223553,0.0783433133732535,0.17265469061876249,0.1317365269461078,30.9,0.005813953488372093,42,101,000101
91944.0,0.05886627906976744,0.4507815800591466,2752.0,0.9124273255813954,0.029796511627906978,0.027616279069767442,0.04869186046511628,0.08539244186046512,33.5,0.0,42,101,000102
91067.0,0.18782187215995153,0.38393515106853354,3414.0,0.3113649677797305,0.06590509666080843,0.5530169888693615,0.05008787346221441,0.4030462800234329,44.3,0.00205761316872428,42,101,000200
86782.0,0.09517998779743746,0.33309908643710473,3566.0,0.6362871564778463,0.061132922041503085,0.17246214245653393,0.07487380818844644,0.19966348850252383,36.4,0.012972363226170333,42,101,000300
67188.0,0.21050568404547237,0.41853315766359245,2573.0,0.6198989506412748,0.14574426739214924,0.18460940536338905,0.03381267003497863,0.3221919937815779,34.6,0.011027963765261915,42,101,000401
165890.0,0.06839378238341969,0.4002123142250531,965.0,0.8663212435233161,0.027979274611398965,0.06528497409326425,0.08082901554404145,0.24352331606217617,45.1,0.0,42,101,000403
90504.0,0.058497536945812806,0.3858499836226662,3260.0,0.8147239263803681,0.034662576687116566,0.13067484662576687,0.013496932515337423,0.12699386503067484,50.4,0.015950920245398775,42,101,000404
51801.0,0.25876940770557794,0.19555901830931047,2977.0,0.4316425932146456,0.3238159220691972,0.14276116896204233,0.12092710782667114,0.18609338259993283,35.2,0.006382264024185421,42,101,000500
90119.0,0.10647181628392484,0.4027885360185902,1465.0,0.715358361774744,0.10443686006825939,0.16382252559726962,0.07098976109215017,0.10102389078498293,29.7,0.0,42,101,000600
87776.0,0.2064825930372149,0.34377174669450244,1682.0,0.7984542211652794,0.01248513674197384,0.17300832342449465,0.06718192627824018,0.25802615933412604,31.7,0.0,42,101,000701
54121.0,0.07381934892251261,0.3736157920077034,2181.0,0.5071068317285649,0.0504355800091701,0.3131591013296653,0.07977991746905089,0.35304906006419073,30.0,0.020174232003668042,42,101,000702
126905.0,0.054136253041362534,0.39570063694267515,1670.0,0.7449101796407186,0.017365269461077845,0.10179640718562874,0.033532934131736525,0.08562874251497006,31.5,0.0,42,101,000801
82121.0,0.08161865569272976,0.41429144921718186,2916.0,0.8268175582990398,0.0360082304526749,0.09122085048010974,0.05589849108367627,0.1183127572016461,38.9,0.004801097393689987,42,101,000803
80772.0,0.049368088467614535,0.37904676258992803,2532.0,0.7176145339652449,0.0169826224328594,0.18285939968404424,0.03712480252764613,0.18404423380726698,34.1,0.0,42,101,000805
166885.0,0.10282891782667265,0.4094449853943525,2227.0,0.8244274809160306,0.017512348450830714,0.12348450830713965,0.04804669959586888,0.0916030534351145,35.0,0.01122586439155815,42,101,000806
49276.0,0.24939700916546068,0.407158836689038,2073.0,0.7004341534008683,0.1316931982633864,0.12638687891944042,0.046792088760250844,0.2252773757838881,31.6,0.03183791606367583,42,101,000901
67014.0,0.12882096069868995,0.43077601410934746,2795.0,0.7091234347048301,0.044722719141323794,0.1853309481216458,0.04329159212880143,0.23470483005366727,36.2,0.0,42,101,000902
118102.0,0.07369170523317907,0.4229848363926576,2809.0,0.9152723389106444,0.00177999288002848,0.034531861872552506,0.048415806336774656,0.06585973656105376,57.2,0.0,42,101,001001
169531.0,0.03466016788518819,0.39612733836560554,3693.0,0.8683996750609261,0.008394259409694016,0.0901705930138099,0.017600866504197128,0.17627944760357434,45.5,0.0,42,101,001002
48370.0,0.2125678820791311,0.3383152173913043,4217.0,0.6348114773535689,0.14417832582404552,0.07825468342423524,0.059046715674650224,0.08797723500118568,29.6,0.0,42,101,001101
106871.0,0.08013198208814518,0.33499067743940336,4243.0,0.8003770916804148,0.04218713174640584,0.05750648126325713,0.06929059627621965,0.1390525571529578,34.3,0.006468615237182559,42,101,001201
94449.0,0.0743002544529262,0.48194945848375453,1973.0,0.9163710086163204,0.019766852508869743,0.04054738976178408,0.13076533198175366,0.06487582361885454,32.4,0.0,42,101,001203
82115.0,0.13229859571322986,0.44170771756978655,2958.0,0.8174442190669371,0.041244083840432724,0.08045977011494253,0.056795131845841784,0.1460446247464503,37.2,0.004783054321831227,42,101,001204
109458.0,0.020331622581918674,0.2784490025288002,5086.0,0.7211954384585135,0.1995674400314589,0.047778214707038934,0.04758159653952025,0.06626032245379473,31.5,0.0032766741757116525,42,101,001302
103239.0,0.10342368045649072,0.3030116779348494,4227.0,0.6747101963567542,0.18973267092500593,0.052046368582919326,0.026732907499408563,0.09604920747575113,35.0,0.0,42,101,001400
93203.0,0.0554164057608015,0.342970297029703,3231.0,0.5936242649334571,0.24914887031878674,0.1070875889817394,0.043949241720829466,0.08170844939647168,33.6,0.0,42,101,001500
147782.0,0.06853980417198809,0.4385781495033978,2349.0,0.8710089399744572,0.0519369944657301,0.04810557684120902,0.036185610898254575,0.05151128139633887,33.4,0.0,42,101,001600
129300.0,0.03961703532518983,0.2964801444043321,3029.0,0.7467811158798283,0.039286893364146584,0.02872235061076263,0.05282271376691978,0.06074612083195774,34.9,0.00835282325425994,42,101,001700
99125.0,0.04455895725977569,0.30122869599682917,3299.0,0.7587147620491058,0.14852985753258563,0.04940891179145195,0.013640497120339497,0.06426189754471053,34.9,0.0024752475247524753,42,101,001800
138093.0,0.11547972304648862,0.3712538226299694,4044.0,0.5798714144411474,0.24183976261127596,0.12413452027695351,0.06701285855588526,0.1083086053412463,31.1,0.004034291477559254,42,101,001900
71379.0,0.11626746506986028,0.24575775307197192,2004.0,0.32934131736526945,0.5059880239520959,0.08083832335329341,0.01746506986027944,0.0753493013972056,34.2,0.0,42,101,002000
92955.0,0.1007979840403192,0.27794871794871795,2381.0,0.42587148257034857,0.43217135657286854,0.09827803443931121,0.01889962200755985,0.04871902561948761,35.6,0.0,42,101,002100
65598.0,0.20528707145807518,0.25752855659397716,2482.0,0.4323126510878324,0.4717969379532635,0.037066881547139406,0.0273972602739726,0.048751007252215955,32.5,0.0012335526315789473,42,101,002200
85577.0,0.06147127981189116,0.2879045996592845,2977.0,0.7030567685589519,0.00705408128988915,0.2156533422908969,0.09674168626133692,0.2515955660060464,33.8,0.0,42,101,002300
91382.0,0.13765432098765432,0.37251908396946565,4860.0,0.7654320987654321,0.06255144032921811,0.10020576131687242,0.10617283950617284,0.1353909465020576,36.0,0.0,42,101,002400
67548.0,0.18679073990013617,0.27689922480620155,4420.0,0.5647058823529412,0.22669683257918552,0.13959276018099548,0.07873303167420814,0.13755656108597286,37.0,0.005457025920873124,42,101,002500
84055.0,0.13362400615542447,0.34363525091799263,3899.0,0.6581174660169274,0.10310335983585535,0.11208002051808157,0.14029238266222108,0.12439086945370607,36.0,0.0018041237113402063,42,101,002701
80075.0,0.0756021409455843,0.3376104932991161,4484.0,0.8006244424620874,0.06512042818911686,0.0191793041926851,0.06578947368421052,0.04460303300624442,38.5,0.0,42,101,002702
67021.0,0.19844444444444445,0.17525445292620864,4500.0,0.5317777777777778,0.009333333333333334,0.2668888888888889,0.2831111111111111,0.2611111111111111,33.2,0.00778816199376947,42,101,002801
71409.0,0.16163442415476406,0.3826873984683221,5535.0,0.6561878952122855,0.06973803071364047,0.2074074074074074,0.11761517615176152,0.24498644986449863,36.3,0.0,42,101,002802
76394.0,0.0986328125,0.3404504241006142,4096.0,0.7470703125,0.031005859375,0.087158203125,0.074462890625,0.11279296875,38.4,0.0,42,101,002900
49132.0,0.20567583382094792,0.32515337423312884,3419.0,0.3521497513892951,0.17841474115238373,0.3623866627668909,0.07107341327873647,0.33050599590523544,41.7,0.0035408675125405725,42,101,003001
66217.0,0.21895006402048656,0.20768256648374842,3124.0,0.37964148527528807,0.3649167733674776,0.11011523687580026,0.14276568501920614,0.08386683738796415,33.7,0.003201024327784891,42,101,003002
71054.0,0.20566290415152094,0.21438337435056057,5227.0,0.2772144633633059,0.5798737325425675,0.016835660991008226,0.13066768700975703,0.10311842356992539,33.4,0.013377278014734394,42,101,003100
46500.0,0.14419665484034466,0.21258442943476716,3946.0,0.198682209832742,0.6036492650785605,0.053725291434363914,0.094272681196148,0.0701976685250887,32.4,0.0,42,101,003200
58186.0,0.26063078612898166,0.06185335132703554,6373.0,0.5295779067942884,0.33641926879020867,0.07845598619174643,0.1669543386160364,0.131806056802134,34.4,0.0,42,101,003300
63075.0,0.15512927439532945,0.18240106124253813,6013.0,0.2216863462497921,0.4561782803924829,0.20555463163146515,0.09812073840013305,0.19491102611009478,34.9,0.002328288707799767,42,101,003701
44917.0,0.14335014600477833,0.2339606501283148,3871.0,0.2374063549470421,0.41952983725135623,0.2777060191165074,0.027899767501937484,0.21002324980625162,32.8,0.0,42,101,003702
84132.0,0.05978538579458355,0.19072343371408793,3914.0,0.8962698007153806,0.011752682677567705,0.05365355135411344,0.05595298926928973,0.0830352580480327,40.2,0.0,42,101,003800
55876.0,0.18154761904761904,0.25610459527014034,6400.0,0.745625,0.05859375,0.1525,0.11296875,0.235625,35.0,0.0,42,101,003901
69265.0,0.10414796193212426,0.25707865168539323,5569.0,0.9516968935176872,0.0,0.02029089603160352,0.023343508708924404,0.11994972167355,43.6,0.0,42,101,003902
67841.0,0.19046460715154465,0.20379419373383156,4111.0,0.7180734614449039,0.021892483580637313,0.0647044514716614,0.1960593529554853,0.22306008270493796,35.9,0.0,42,101,004001
68523.0,0.09617234083477592,0.1444023796646836,5199.0,0.7805347182150414,0.04135410655895364,0.11271398345835737,0.0571263704558569,0.2140796306982112,37.0,0.0,42,101,004002
60925.0,0.121893020481209,0.17448200654307525,5029.0,0.4118114933386359,0.10638297872340426,0.3754225492145556,0.22290713859614236,0.4068403261085703,35.9,0.006583007611602551,42,101,004101
42675.0,0.46279219386660947,0.10299488677867057,4751.0,0.2393180383077247,0.040202062723637126,0.2927804672700484,0.4937907808882341,0.5163123552936224,30.2,0.0,42,101,004103
54597.0,0.28988655563601257,0.21189591078066913,4143.0,0.38788317644219167,0.0,0.4957760077238716,0.26092203717113205,0.4738112478880039,37.2,0.0,42,101,004104
78065.0,0.17432296890672017,0.23801065719360567,4985.0,0.7729187562688065,0.005416248746238716,0.18615847542627884,0.03851554663991976,0.1765295887662989,41.7,0.0,42,101,004201
64441.0,0.1552233296419343,0.11469959629541676,5592.0,0.7174535050071531,0.02700286123032904,0.16469957081545064,0.1402002861230329,0.18240343347639484,41.2,0.0,42,101,004202
65706.0,0.1334058083553347,0.236081597960051,6525.0,0.10528735632183908,0.7924904214559387,0.01578544061302682,0.05517241379310345,0.17057471264367816,36.5,0.025333947489636112,42,101,005500
42661.0,0.2143467122117848,0.03818615751789976,1171.0,0.05209222886421862,0.8701964133219471,0.0017079419299743809,0.04526046114432109,0.04696840307429547,36.2,0.0,42,101,005600
46987.0,0.19342169857633776,0.11195306770960645,6239.0,0.07228722551690976,0.7615002404231447,0.04455842282417054,0.06571565956082706,0.2001923385157878,37.0,0.0,42,101,006000
37521.0,0.2194683908045977,0.10473684210526316,2784.0,0.0603448275862069,0.8753591954022989,0.057830459770114945,0.00035919540229885057,0.2762212643678161,40.2,0.0,42,101,006100
38006.0,0.2014167650531287,0.1552901023890785,4252.0,0.0905456255879586,0.8628880526810913,0.04656632173095014,0.008936970837253057,0.2462370649106303,37.9,0.015828017954169618,42,101,006200
29307.0,0.3672163426039872,0.03868613138686131,4069.0,0.038092897517817643,0.8075694273777341,0.07102482182354387,0.08036372573113787,0.23076923076923078,33.7,0.0,42,101,006300
39141.0,0.23586239396795475,0.07550713749060857,4270.0,0.02857142857142857,0.9131147540983606,0.0,0.06323185011709602,0.06088992974238876,31.4,0.0,42,101,006500
27049.0,0.42066420664206644,0.05351976856316297,3536.0,0.058823529411764705,0.8396493212669683,0.06900452488687783,0.034219457013574664,0.1716628959276018,30.9,0.004807692307692308,42,101,006600
39927.0,0.27091784989858014,0.05336476639519931,7901.0,0.04670294899379825,0.8644475382862928,0.03442602202252879,0.027591444120997344,0.27376281483356535,31.5,0.0,42,101,006700
34928.0,0.16620498614958448,0.07000864304235091,3620.0,0.008011049723756906,0.9524861878453039,0.0,0.024861878453038673,0.1074585635359116,36.3,0.0,42,101,007000
34552.0,0.403194390338917,0.017464424320827943,2642.0,0.055639666919000755,0.8902346707040121,0.012869038607115822,0.04125662376987131,0.16654049962149886,29.8,0.003785011355034065,42,101,007101
29321.0,0.27114427860696516,0.0779801853627357,4436.0,0.05545536519386835,0.9084761045987376,0.0,0.05229936880072137,0.03606853020739405,34.8,0.0,42,101,007102
38704.0,0.2245857590685177,0.15612648221343872,4486.0,0.026972804279982165,0.8207757467677218,0.008247882300490415,0.0693267944716897,0.057066428889879624,29.9,0.0,42,101,007200
45446.0,0.2653640088244564,0.27926267281105993,3173.0,0.17964071856287425,0.745036243302868,0.036558462023321775,0.019539867633154743,0.023952095808383235,31.8,0.0,42,101,007300
43654.0,0.2738699007717751,0.14666666666666667,4535.0,0.08952590959206175,0.7177508269018743,0.02513781697905182,0.008158765159867696,0.04520396912899669,35.0,0.0,42,101,007400
46667.0,0.2887377173091459,0.4118236472945892,1991.0,0.5524861878453039,0.18232044198895028,0.13862380713209443,0.07734806629834254,0.18232044198895028,25.0,0.007533902561526871,42,101,007700
55200.0,0.31794871794871793,0.2677746999076639,4232.0,0.5732514177693762,0.20675803402646503,0.14059546313799623,0.04938563327032136,0.15146502835538753,31.2,0.02997601918465228,42,101,007800
72847.0,0.14788243462161538,0.3241235888294712,4321.0,0.5297384864614673,0.20296227725063642,0.08516547095579727,0.09048831289053459,0.1460310113399676,35.1,0.0,42,101,007900
58355.0,0.2882367570256155,0.32331329325317304,4045.0,0.23189122373300372,0.688751545117429,0.0103831891223733,0.03683559950556242,0.052904820766378244,31.8,0.0,42,101,008000
31805.0,0.27773674102526225,0.12252794496990542,6911.0,0.04022572710172189,0.9484879178121834,0.0,0.0538272319490667,0.038634061640862395,37.6,0.004196208942265953,42,101,008200
35961.0,0.2755905511811024,0.14516650501131587,4483.0,0.027660049074280615,0.9031898282400178,0.0,0.05710461744367611,0.02297568592460406,42.4,0.0,42,101,008301
25151.0,0.42074106555579915,0.06793303283966516,4561.0,0.0030695023021267264,0.9690857268142951,0.0,0.010962508221881167,0.033764525323393996,39.1,0.0,42,101,008302
49417.0,0.2622336227308603,0.08525870484868207,5074.0,0.01517540402049665,0.8437130469057943,0.035672053606622,0.006897910918407568,0.022467481277098935,30.7,0.0,42,101,008400
41974.0,0.23638693145419604,0.15511189118034224,6244.0,0.0848814862267777,0.8451313260730301,0.017616912235746317,0.02033952594490711,0.053811659192825115,40.2,0.0,42,101,008500
64702.0,0.16435586366262275,0.30011454753722794,3567.0,0.545556490047659,0.2612839921502663,0.05522848331931595,0.11550322399775721,0.22624053826745164,29.9,0.002057008521892448,42,101,008601
30822.0,0.23126614987080105,0.14614343707713126,3096.0,0.2580749354005168,0.6314599483204134,0.07816537467700259,0.025516795865633074,0.16828165374677004,27.2,0.0,42,101,008602
47566.0,0.18722466960352424,0.2083873757025508,3178.0,0.5185651353052234,0.12208936438011328,0.2684078036500944,0.04657016991818754,0.22592825676526118,30.2,0.0025469595670168737,42,101,008701
33902.0,0.35219657483246464,0.3057459146020032,2896.0,0.5545580110497238,0.14675414364640885,0.18577348066298344,0.08908839779005524,0.2676104972375691,27.8,0.007601935038009675,42,101,008702
36250.0,0.48242811501597443,0.5353982300884956,2069.0,0.47027549540840985,0.09473175447075882,0.24987916868052198,0.14886418559690673,0.18366360560657322,21.1,0.02029966167230546,42,101,008801
17465.0,0.7179321486268174,0.2245508982035928,5766.0,0.44138050641692683,0.2630939993062782,0.23499826569545612,0.09556018036767257,0.207769684356573,21.2,0.01057925771765522,42,101,008802
33750.0,0.5352062588904695,0.2900763358778626,6502.0,0.6447247000922793,0.1467240848969548,0.1751768686557982,0.0770532143955706,0.13780375269147954,19.9,0.024915410642879113,42,101,009000
35521.0,0.37814546708031715,0.2545454545454545,2901.0,0.3302309548431575,0.30334367459496725,0.28059289900034473,0.0734229576008273,0.30024129610479144,30.3,0.03757325060324026,42,101,009100
40234.0,0.27429062768701634,0.24545030331311246,3489.0,0.2003439380911436,0.5978790484379478,0.12553740326741186,0.04557179707652623,0.17770134709085697,28.7,0.01662367440527372,42,101,009200
29597.0,0.30767743183136725,0.14035626535626536,5171.0,0.0589827886288919,0.8719783407464707,0.03887062463740089,0.02320634306710501,0.09282537226842004,33.1,0.0,42,101,009300
22438.0,0.3787878787878788,0.04746450304259635,3895.0,0.021822849807445442,0.9145057766367137,0.0,0.026700898587933248,0.03697047496790758,32.4,0.0,42,101,009400
29550.0,0.3317811408614668,0.07946428571428571,3436.0,0.022409778812572757,0.9775902211874272,0.0,0.0,0.01629802095459837,32.9,0.0,42,101,009500
45984.0,0.1814569536423841,0.088272921108742,3775.0,0.0,0.9480794701986754,0.0005298013245033113,0.11682119205298014,0.0376158940397351,30.8,0.0,42,101,009600
68165.0,0.14093686354378818,0.15370813397129188,2455.0,0.07820773930753565,0.8859470468431772,0.01670061099796334,0.0,0.13767820773930753,35.8,0.0,42,101,009801
66830.0,0.20112025205671277,0.16346933261280736,5713.0,0.06651496586732014,0.9074041659373359,0.0,0.028531419569403117,0.09277087344652547,31.8,0.0,42,101,009802
46147.0,0.2643137254901961,0.13673193787981094,5100.0,0.04294117647058823,0.902156862745098,0.019215686274509803,0.005686274509803921,0.1768627450980392,29.1,0.0,42,101,010000
46467.0,0.14841114858867388,0.07225871652349672,5633.0,0.0060358601100656845,0.9774542872359311,0.0,0.004260607136516954,0.1311911947452512,32.5,0.0,42,101,010100
28992.0,0.3444539492443684,0.07713125845737483,3507.0,0.035642999714856,0.9503849443969205,0.0,0.05902480752780154,0.06330196749358426,32.1,0.0,42,101,010200
30680.0,0.3554588320638375,0.05191873589164785,2757.0,0.012694958287994197,0.9775117881755532,0.0,0.012694958287994197,0.03989844033369604,32.9,0.0,42,101,010300
28472.0,0.34685598377281945,0.09805959805959806,4112.0,0.07247081712062257,0.890807392996109,0.025535019455252918,0.05252918287937743,0.0928988326848249,48.3,0.0,42,101,010500
22647.0,0.38902439024390245,0.06875,1674.0,0.06690561529271206,0.7998805256869773,0.05734767025089606,0.04778972520908005,0.05555555555555555,33.6,0.0,42,101,010600
24706.0,0.4429514916875427,0.17151848937844216,4396.0,0.06505914467697907,0.7681983621474068,0.042311191992720654,0.03935395814376706,0.05505004549590537,28.5,0.0,42,101,010800
29331.0,0.3792608539648367,0.14983050847457627,2787.0,0.15357014711158953,0.788302834589164,0.03265159669895946,0.018658055256548258,0.020093290276282743,27.2,0.0,42,101,010900
43235.0,0.2026315789473684,0.06556050182112505,3829.0,0.033690258553147036,0.9224340558892661,0.0,0.0026116479498563593,0.06999216505615043,37.7,0.0,42,101,011100
26220.0,0.5523686754753464,0.09993773349937733,6443.0,0.031196647524445134,0.9323296600962284,0.0,0.046406953282632314,0.016296756169486264,24.6,0.002638522427440633,42,101,011200
40326.0,0.31106708180016984,0.1625,3533.0,0.02207755448627229,0.9779224455137278,0.0,0.007925275969431078,0.035380696292103025,32.5,0.0,42,101,011300
37530.0,0.34476817042606517,0.11296472831267874,6426.0,0.04590725178960473,0.9363523187052599,0.002334267040149393,0.017740429505135387,0.06006847183317771,38.5,0.0,42,101,011400
74815.0,0.12396873643074251,0.20135886349598517,4606.0,0.06730351715154147,0.8753799392097265,0.0,0.025835866261398176,0.07034303082935302,38.1,0.0,42,101,011500
38642.0,0.3713314244810308,0.17168367346938776,5588.0,0.020042949176807445,0.9495347172512527,0.011095204008589835,0.009484609878310665,0.0778453829634932,40.5,0.0,42,101,011800
45433.0,0.22753195673549656,0.11694915254237288,5159.0,0.0511727078891258,0.9211087420042644,0.0,0.010854816824966078,0.08974607482070168,38.6,0.0,42,101,011900
69500.0,0.11037394451145958,0.17871986699916875,2130.0,0.28779342723004697,0.5291079812206573,0.07793427230046948,0.047417840375586856,0.09061032863849765,30.2,0.0,42,101,012000
47875.0,0.16590829541477073,0.19263238679969302,3219.0,0.19944082013047532,0.7207207207207207,0.02920161540851196,0.04442373407890649,0.11090400745573159,44.2,0.0,42,101,012100
36646.0,0.2202970297029703,0.3724137931034483,2828.0,0.2531824611032532,0.5597595473833098,0.1333097595473833,0.03712871287128713,0.2581329561527581,36.5,0.0,42,101,012201
63190.0,0.253765932792584,0.42433234421364985,863.0,0.2421784472769409,0.20393974507531865,0.34762456546929316,0.09617612977983778,0.43105446118192353,31.3,0.03592120509849363,42,101,012203
58548.0,0.17416213119450014,0.2407349735284958,3845.0,0.14304291287386217,0.7724317295188556,0.042132639791937584,0.0223667100130039,0.09440832249674902,53.8,0.0,42,101,012204
68138.0,0.09502831969792322,0.2683649289099526,1932.0,0.6392339544513458,0.13664596273291926,0.17701863354037267,0.06055900621118013,0.17857142857142858,36.6,0.008799171842650104,42,101,012501
81262.0,0.11685150121720314,0.29131912264442383,3697.0,0.6816337571003517,0.08114687584527995,0.19448201244252097,0.06708141736543143,0.24722748174195294,32.7,0.021572910977607863,42,101,012502
38639.0,0.3104204753199269,0.2822727272727273,2913.0,0.3072433916924133,0.5272914521112255,0.057672502574665295,0.14040508067284585,0.057672502574665295,32.5,0.0,42,101,013200
92222.0,0.11719233147804577,0.38567598621217924,3234.0,0.5940012368583797,0.22696351267779838,0.08410636982065553,0.09523809523809523,0.08225108225108226,31.2,0.0,42,101,013300
107823.0,0.08006872852233676,0.35276752767527675,2925.0,0.8567521367521368,0.09094017094017094,0.029401709401709403,0.0003418803418803419,0.04957264957264957,55.7,0.0,42,101,013401
82434.0,0.12127303182579564,0.4309368191721133,2985.0,0.770854271356784,0.07671691792294807,0.031155778894472363,0.11557788944723618,0.07671691792294807,31.8,0.0,42,101,013402
133125.0,0.054047322540473224,0.46937438584998364,4015.0,0.8022415940224159,0.1476961394769614,0.04084682440846824,0.04209215442092155,0.09663760896637609,34.1,0.0,42,101,013500
110455.0,0.06962663975782038,0.3791634391944229,2981.0,0.7705467963770547,0.07715531700771554,0.07614894330761489,0.06642066420664207,0.16303253941630325,36.3,0.00446888965280165,42,101,013601
103426.0,0.06222969726093224,0.38498354771163623,4162.0,0.7698222008649688,0.0557424315233061,0.049735703988467085,0.05117731859682845,0.10740028832292167,34.2,0.0,42,101,013602
84189.0,0.028901734104046242,0.4802919708029197,1557.0,0.6351958895311497,0.23956326268464997,0.07514450867052024,0.04367373153500321,0.1329479768786127,33.2,0.0,42,101,013701
50185.0,0.42062515382722127,0.2507891967730621,4063.0,0.3502338173763229,0.6010337189269013,0.01993600787595373,0.07014521289687423,0.03937976864385922,32.3,0.0,42,101,013702
59800.0,0.1688815060908084,0.18175338560228083,1806.0,0.3128460686600221,0.5459579180509413,0.04595791805094131,0.04817275747508306,0.04263565891472868,31.1,0.0,42,101,013800
45175.0,0.25387982491046557,0.22408469342743714,2903.0,0.4185325525318636,0.4598691009300723,0.004133654839820875,0.20668274199104375,0.03410265242852222,35.5,0.0,42,101,013900
59432.0,0.25749261291684256,0.2609990076083361,4751.0,0.3049884234897916,0.5581982740475689,0.042096400757735214,0.05956640707219533,0.1283940223110924,26.4,0.0038314176245210726,42,101,014000
18736.0,0.3887090974469615,0.18693918245264207,2781.0,0.20819848975188782,0.6364617044228694,0.10859403092412802,0.027687882056814096,0.08054656598345919,39.5,0.0029006526468455403,42,101,014100
116574.0,0.02690217391304348,0.4447334200260078,3680.0,0.8051630434782608,0.08342391304347826,0.048641304347826084,0.10516304347826087,0.13369565217391305,32.0,0.0,42,101,014201
128098.0,0.03991507430997877,0.39001937984496127,2355.0,0.7290870488322717,0.03821656050955414,0.09384288747346073,0.1435244161358811,0.11422505307855627,35.2,0.0,42,101,014202
104883.0,0.116751269035533,0.41624077228847245,1970.0,0.8527918781725888,0.06142131979695432,0.04619289340101523,0.06040609137055838,0.08477157360406092,32.6,0.0026109660574412533,42,101,014300
117904.0,0.17887974302348925,0.3902619871478003,5090.0,0.6514734774066797,0.0962671905697446,0.06856581532416503,0.24695481335952849,0.10943025540275049,31.5,0.003248730964467005,42,101,014400
,0.2997061704211557,0.049441786283891544,2170.0,0.10368663594470046,0.7073732718894009,0.02304147465437788,0.1783410138248848,0.05391705069124424,33.8,0.0,42,101,014500
35600.0,0.33821782178217824,0.0935792349726776,4232.0,0.31734404536862004,0.45746691871455575,0.15548204158790171,0.02930056710775047,0.09026465028355388,20.5,0.0023629489603024575,42,101,014600
14962.0,0.6964078794901506,0.2381635581061693,2771.0,0.36088054853843377,0.4529050884157344,0.06604114038253338,0.09310718152291592,0.07542403464453266,22.0,0.0,42,101,014700
16064.0,0.43039443155452434,0.09409888357256778,862.0,0.042923433874709975,0.7041763341067285,0.1925754060324826,0.010440835266821345,0.14385150812064965,34.8,0.0,42,101,014800
25897.0,0.4495286272706369,0.0916577157178661,4349.0,0.08254771211772821,0.7882271786617613,0.0,0.18877902966199125,0.0524258450218441,31.8,0.0,42,101,014900
30888.0,0.36644703497212366,0.09170731707317073,2017.0,0.05156172533465543,0.9271194843827466,0.00495785820525533,0.05057015369360436,0.0451165096678235,26.5,0.0,42,101,015101
21427.0,0.3808006373232424,0.031755915317559155,5061.0,0.0061252716854376605,0.9340051373246394,0.007113218731475993,0.03141671606401897,0.040110650069156296,29.5,0.0,42,101,015102
49581.0,0.2926784400294334,0.12176909821941413,5436.0,0.0673289183222958,0.8596394407652685,0.019683590875643857,0.10264900662251655,0.08222958057395144,40.3,0.0,42,101,015200
25871.0,0.38701445988091865,0.09109874826147427,4242.0,0.3854314002828854,0.4735973597359736,0.11032531824611033,0.05799151343705799,0.06883545497406883,21.2,0.0033214709371293,42,101,015300
41103.0,0.41947115384615385,0.19230769230769232,1671.0,0.35487731897067626,0.2621184919210054,0.0,0.6050269299820467,0.02752842609216038,31.7,0.05935251798561151,42,101,015600
75521.0,0.17393162393162392,0.35768398268398266,2382.0,0.670864819479429,0.04408060453400504,0.06255247691015953,0.23887489504617967,0.07010915197313182,34.0,0.009812286689419795,42,101,015700
101365.0,0.08291942604856511,0.3730588030012214,7248.0,0.8140176600441501,0.0532560706401766,0.03738962472406181,0.11396247240618101,0.0429083885209713,34.1,0.0,42,101,015800
85380.0,0.12240663900414937,0.3685111237877924,2410.0,0.8788381742738589,0.11037344398340249,0.0,0.02074688796680498,0.0,35.3,0.0,42,101,016001
83178.0,0.11234458259325045,0.332171581769437,4520.0,0.8495575221238938,0.023008849557522124,0.06017699115044248,0.10486725663716814,0.05508849557522124,34.7,0.0,42,101,016002
91553.0,0.150067521944632,0.3061312607944732,5924.0,0.6321742066171506,0.06549628629304524,0.15918298446995274,0.20037137069547603,0.12491559756920999,32.3,0.0,42,101,016100
33140.0,0.20187985288107888,0.20956576463184393,2447.0,0.18675929709848793,0.1373109930527176,0.07968941561095219,0.7519411524315488,0.07805476093175316,35.5,0.0,42,101,016200
27625.0,0.33803863298662706,0.052884615384615384,2761.0,0.17240130387540747,0.12205722564288302,0.01195219123505976,0.8196305686345527,0.0684534588917059,34.2,0.032079646017699116,42,101,016300
17389.0,0.455459113750571,0.030780243378668574,4378.0,0.09273640931932389,0.39858382823206945,0.029922338967565097,0.5886249428962996,0.10187300137048881,36.4,0.0,42,101,016400
21010.0,0.4263312642927148,0.10793054903801032,3061.0,0.04083632799738648,0.9055864096700424,0.014047696831100947,0.10160078405749755,0.051617118588696505,36.4,0.004900359359686377,42,101,016500
46221.0,0.36966394187102636,0.04885057471264368,2219.0,0.10545290671473637,0.7255520504731862,0.1487156376746282,0.03740423614240649,0.14420910319963948,30.5,0.0,42,101,016600
35425.0,0.33053925677563567,0.12471343420449335,3579.0,0.04163174070969545,0.9357362391729533,0.0,0.01173512154233026,0.04498463257893266,35.7,0.006985191394244202,42,101,016701
31385.0,0.27224272242722425,0.07550535077288942,2439.0,0.1090610906109061,0.8909389093890939,0.0,0.011480114801148012,0.0,38.0,0.0,42,101,016702
14798.0,0.4842289719626168,0.02290748898678414,3440.0,0.07383720930232558,0.8593023255813953,0.006104651162790698,0.030232558139534883,0.018313953488372094,39.6,0.0,42,101,016800
24699.0,0.25257571027162035,0.09583519928347514,3203.0,0.02372775522947237,0.9281923197002809,0.011551670309085233,0.019981267561660944,0.011551670309085233,41.6,0.0,42,101,016901
21114.0,0.3363858363858364,0.07558342041100662,3276.0,0.0,0.8669108669108669,0.0,0.022283272283272284,0.036019536019536016,48.6,0.0,42,101,016902
54232.0,0.15626032375289065,0.20838183934807916,3438.0,0.1748109365910413,0.7201861547411286,0.014543339150668994,0.04712041884816754,0.08231529959278651,32.9,0.0,42,101,017000
26751.0,0.3392095535968155,0.06701754385964913,3517.0,0.0,0.9183963605345465,0.007676997441000853,0.07591697469434176,0.03212965595678135,44.5,0.0,42,101,017100
,0.3968471555860178,0.016872427983539096,3031.0,0.04157043879907621,0.9584295612009238,0.0,0.03926096997690531,0.053117782909930716,53.3,0.0,42,101,017201
34574.0,0.24488888888888888,0.056597564988483055,4500.0,0.0033333333333333335,0.9857777777777778,0.0,0.0,0.043555555555555556,43.2,0.0,42,101,017202
31935.0,0.31210894368789105,0.14249201277955273,2764.0,0.07163531114327062,0.8187409551374819,0.000361794500723589,0.09117221418234443,0.05463096960926194,31.4,0.013024602026049204,42,101,017300
30679.0,0.32460531382364266,0.031955922865013774,2644.0,0.031013615733736764,0.8483358547655068,0.004916792738275341,0.06845688350983359,0.0022692889561270802,30.4,0.0,42,101,017400
23255.0,0.38609690039121275,0.015164644714038129,6663.0,0.27315023262794536,0.28560708389614287,0.0,0.6843764070238632,0.08464655560558307,41.1,0.011935337664299743,42,101,017500
23761.0,0.49276614122219825,0.0463899546564353,4643.0,0.3385741977169933,0.06913633426663796,0.0,0.9045875511522722,0.09735085074305407,32.3,0.0,42,101,017601
33125.0,0.4980601357904947,0.03217391304347826,4148.0,0.14754098360655737,0.15429122468659595,0.07304725168756027,0.7350530376084861,0.20081967213114754,28.6,0.0,42,101,017602
23491.0,0.49736842105263157,0.064546748932131,3420.0,0.14678362573099416,0.2795321637426901,0.018128654970760234,0.6479532163742691,0.14736842105263157,33.7,0.0,42,101,017701
27103.0,0.6132596685082873,0.04722327162825841,4706.0,0.2430939226519337,0.18614534636634084,0.027199320016999574,0.7067573310667233,0.08967275818104548,30.5,0.004526837680534598,42,101,017702
36712.0,0.3165600807808819,0.13662006377238164,5962.0,0.31952364978195236,0.3545790003354579,0.007715531700771553,0.3671586715867159,0.03270714525327072,35.3,0.0020876826722338203,42,101,017800
44468.0,0.3726924416579589,0.06664917344528995,5742.0,0.37112504353883663,0.18443051201671892,0.024381748519679555,0.4268547544409613,0.06165099268547544,32.0,0.0,42,101,017900
50549.0,0.10092145677928917,0.21897374701670644,2296.0,0.8323170731707317,0.013501742160278746,0.0,0.17073170731707318,0.07621951219512195,36.5,0.0,42,101,018001
70610.0,0.10071942446043165,0.12235403582228425,5987.0,0.7917153833305495,0.012694170703190245,0.015533656255219642,0.05946216803073325,0.06547519625856021,40.0,0.0028687141410732365,42,101,018002
68095.0,0.10007449714427613,0.10103024260551678,4042.0,0.9567046016823355,0.0007422068283028204,0.005690252350321623,0.01954477981197427,0.023255813953488372,42.7,0.0,42,101,018300
60607.0,0.1374113475177305,0.09558823529411764,2304.0,0.9444444444444444,0.00043402777777777775,0.007378472222222222,0.04123263888888889,0.057291666666666664,36.1,0.0,42,101,018400
20120.0,0.581906392694064,0.025845864661654134,3504.0,0.2962328767123288,0.07990867579908675,0.0,0.7457191780821918,0.08304794520547945,30.3,0.0,42,101,018801
31523.0,0.5841702534672406,0.02197802197802198,4200.0,0.2276190476190476,0.3080952380952381,0.0,0.8226190476190476,0.07738095238095238,21.6,0.0,42,101,018802
39297.0,0.32588023644307373,0.05658198614318707,7782.0,0.23438704703161142,0.1432793626317142,0.013749678745823696,0.7379850938062195,0.22449241840143921,29.0,0.0,42,101,019000
42889.0,0.24270027451959073,0.10446287519747235,8014.0,0.29036685799850265,0.1496131769403544,0.09396056900424257,0.6809333666084353,0.2194908909408535,32.3,0.0,42,101,019100
21638.0,0.4832552693208431,0.03220379716414323,8667.0,0.15126341294565593,0.2043382946809738,0.07511249567324334,0.6632052613361025,0.08457367024345218,23.8,0.0,42,101,019200
20486.0,0.5280876090042588,0.05399361022364217,4942.0,0.24484014569000404,0.06212059894779442,0.0,0.9166329421286928,0.1442735734520437,37.5,0.009878575838649928,42,101,019501
23931.0,0.570098430433626,0.0527803958529689,3870.0,0.2808785529715762,0.04599483204134367,0.006718346253229974,0.8405684754521964,0.11602067183462532,27.8,0.0,42,101,019502
33331.0,0.44226079472098695,0.052204176334106726,6971.0,0.23956390761727156,0.23626452445847082,0.02768612824558887,0.726725003586286,0.22679672930712955,35.2,0.03729737483861713,42,101,019700
28971.0,0.24876847290640394,0.07581227436823104,6090.0,0.1535303776683087,0.2175697865353038,0.05665024630541872,0.7004926108374384,0.12561576354679804,34.7,0.004229402808323465,42,101,019800
25211.0,0.473508706928492,0.05026828579497317,5398.0,0.13171545016672842,0.44164505372360136,0.0,0.6102260096331975,0.09948128936643201,31.3,0.0,42,101,019900
11955.0,0.48312611012433393,0.1480804387568556,1126.0,0.050621669626998225,0.48934280639431615,0.1172291296625222,0.38632326820603907,0.21225577264653642,24.8,0.0,42,101,020000
22628.0,0.433458882611425,0.04881101376720901,3197.0,0.016265248670628715,0.9142946512355333,0.03346887707225524,0.053487644666875195,0.03628401626524867,55.1,0.0,42,101,020101
37431.0,0.23588924387646432,0.12476226702168125,3756.0,0.017838125665601706,0.9707135250266241,0.0,0.0670926517571885,0.010117145899893504,40.1,0.0,42,101,020102
31347.0,0.2126899016979446,0.14606741573033707,4515.0,0.06888150609080841,0.8254706533776301,0.0,0.043853820598006646,0.0,46.3,0.0,42,101,020200
28542.0,0.32499131039277024,0.02668034889687019,2931.0,0.03002388263391334,0.9078812691914022,0.012964858410098942,0.037529853292391675,0.03172978505629478,40.5,0.0,42,101,020300
31350.0,0.4850045440775523,0.018197958277851752,3453.0,0.020851433536055605,0.8725745728352158,0.0,0.08108890819577179,0.04749493194323776,40.8,0.0,42,101,020400
,0.2586480482386544,0.018525665766113468,3160.0,0.04018987341772152,0.8873417721518987,0.04018987341772152,0.008544303797468355,0.05443037974683544,47.4,0.0,42,101,020500
109959.0,0.11680229775011967,0.4729106628242075,4191.0,0.8322596039131472,0.048437127177284656,0.024337866857551897,0.031973276067764254,0.044142209496540206,32.7,0.0,42,101,020701
210322.0,0.013761467889908258,0.2032967032967033,1834.0,0.7290076335877863,0.16739367502726282,0.07742639040348964,0.03598691384950927,0.0970556161395856,32.4,0.0,42,101,020702
95605.0,0.0830405621207282,0.4320652173913043,3172.0,0.7887767969735183,0.12831021437578816,0.0457124842370744,0.0766078184110971,0.034993694829760405,32.3,0.0032061558191728116,42,101,020900
79264.0,0.14112602535421329,0.39316239316239315,5422.0,0.8815935079306529,0.07746219107340464,0.02784950202877167,0.06971597196606419,0.0466617484323128,35.8,0.006400602409638554,42,101,021000
64770.0,0.11830535571542766,0.3735277621985418,2514.0,0.7116149562450278,0.09904534606205251,0.04852824184566428,0.13922036595067622,0.053301511535401754,33.2,0.004819277108433735,42,101,021100
93114.0,0.10308502633559068,0.30292513634110063,2666.0,0.7873218304576144,0.1380345086271568,0.02213053263315829,0.04838709677419355,0.12340585146286571,35.8,0.00264750378214826,42,101,021200
79464.0,0.11177207263619286,0.30511593669488407,3225.0,0.8204651162790698,0.1110077519379845,0.016434108527131782,0.04124031007751938,0.01581395348837209,33.5,0.0,42,101,021300
77686.0,0.11273027220236459,0.4868509777478085,3748.0,0.8858057630736392,0.06696905016008538,0.0026680896478121665,0.03655282817502668,0.05522945570971185,29.5,0.0013601741022850925,42,101,021400
94735.0,0.05583628094997473,0.42032545287073997,3958.0,0.7311773623041941,0.1715512885295604,0.04067710965133906,0.049267306720565944,0.12379989893885801,34.8,0.007664793050587634,42,101,021500
84095.0,0.08370947886746,0.29627791563275435,2449.0,0.6798693344222132,0.10289914250714577,0.03429971416904859,0.0828909759085341,0.07472437729685585,33.5,0.0,42,101,021600
88998.0,0.10811693614241386,0.2743509865005192,6134.0,0.7455167916530812,0.16889468536028693,0.005542875774372351,0.06749266384088685,0.06814476687316597,43.5,0.0,42,101,021700
67663.0,0.12677953058868796,0.3106295149638803,5198.0,0.6356290881108119,0.1794921123509042,0.06021546748749519,0.08310888803385917,0.07195075028857253,31.1,0.002786624203821656,42,101,021800
67083.0,0.03549060542797495,0.23796033994334279,1437.0,0.8629088378566457,0.06958942240779402,0.0048712595685455815,0.038274182324286705,0.019485038274182326,40.4,0.0,42,101,021900
129571.0,0.04563031709203403,0.3457051961823966,1293.0,0.9118329466357309,0.017788089713843776,0.030935808197989172,0.030935808197989172,0.06496519721577726,41.0,0.0055074744295830055,42,101,023100
75583.0,0.05326460481099656,0.2700955593029792,4790.0,0.3409185803757829,0.6006263048016701,0.00918580375782881,0.02338204592901879,0.030271398747390398,40.5,0.0023339698705707617,42,101,023700
79647.0,0.16769167691676917,0.23844837421563034,4993.0,0.24574404165832164,0.6501101542159022,0.008812337272181054,0.04626477067895053,0.017624674544362107,31.6,0.0,42,101,023800
55748.0,0.18199802176063304,0.16575342465753426,4060.0,0.3472906403940887,0.5105911330049261,0.04039408866995074,0.05123152709359606,0.09876847290640393,39.5,0.0,42,101,024000
14928.0,0.44672131147540983,0.08425196850393701,1419.0,0.17054263565891473,0.7096546863988724,0.0,0.023255813953488372,0.026779422128259338,55.4,0.0,42,101,024100
28063.0,0.2880351262349067,0.164275956284153,4555.0,0.15784851811196488,0.8092206366630077,0.012074643249176729,0.023710208562019757,0.021075740944017565,33.8,0.0,42,101,024200
45154.0,0.2319910514541387,0.2062780269058296,4470.0,0.12125279642058165,0.8322147651006712,0.020134228187919462,0.028635346756152126,0.05458612975391499,34.9,0.0,42,101,024300
52826.0,0.311889718552556,0.25467625899280577,3482.0,0.06318207926479034,0.8443423319931074,0.0,0.05083285468121769,0.01723147616312464,30.1,0.0,42,101,024400
18253.0,0.5355254081398022,0.16923076923076924,4367.0,0.03389054270666361,0.9436684222578429,0.008014655369819098,0.012823448591710557,0.07029997710098465,32.1,0.0,42,101,024500
29468.0,0.29552469135802467,0.06345475910693302,2647.0,0.06044578768417076,0.8757083490744239,0.010200226671703816,0.013222516055912353,0.016244805440120892,35.1,0.0,42,101,024600
35120.0,0.28700974835638177,0.12135743268166728,4480.0,0.06741071428571428,0.8921875,0.0040178571428571425,0.02924107142857143,0.029910714285714287,34.9,0.0,42,101,024700
37667.0,0.40283140283140284,0.10620792819745699,2350.0,0.019148936170212766,0.9204255319148936,0.0,0.031063829787234043,0.02170212765957447,29.1,0.0,42,101,024800
26069.0,0.3910891089108911,0.1141439205955335,2626.0,0.024752475247524754,0.948971820258949,0.0,0.00456968773800457,0.013328255902513329,35.3,0.004578405188859214,42,101,024900
25080.0,0.2782252739997359,0.10966916468652897,7870.0,0.08373570520965692,0.8705209656925031,0.0038119440914866584,0.051715374841169,0.04993646759847522,34.0,0.0,42,101,025200
46769.0,0.1880252100840336,0.11546773695585057,4792.0,0.128338898163606,0.8418196994991652,0.013146911519198664,0.021285475792988316,0.033180300500834724,32.9,0.0,42,101,025300
68958.0,0.08318521151795237,0.2548189938881053,2813.0,0.38535371489512976,0.5122644863135443,0.02239601848560256,0.006398862424457874,0.05047991468183434,41.9,0.0,42,101,025500
56958.0,0.0891946992864424,0.258931394245969,3924.0,0.5068807339449541,0.4041794087665647,0.023700305810397553,0.0417940876656473,0.09505606523955148,42.9,0.0023142195937258937,42,101,025700
47144.0,0.13794705062703205,0.16755852842809366,4414.0,0.022655188038060717,0.9497054825555052,0.001359311282283643,0.003851381966470322,0.09605799728137744,40.0,0.0,42,101,025900
58981.0,0.11222323324234153,0.18027613412228796,3297.0,0.026387625113739762,0.9444949954504095,0.0,0.003033060357901122,0.07279344858962693,40.2,0.009129640900791236,42,101,026000
46147.0,0.05748335085874518,0.13184198000951927,2888.0,0.023545706371191136,0.9643351800554016,0.0,0.008310249307479225,0.2195290858725762,49.7,0.006232686980609419,42,101,026100
49732.0,0.1147986942328618,0.1508732813080639,3676.0,0.022306855277475515,0.9314472252448314,0.0,0.042165397170837865,0.013057671381936888,41.2,0.0002774694783573807,42,101,026301
56679.0,0.12323064113238967,0.15718884120171675,4804.0,0.03309741881765196,0.955661948376353,0.011032472939217318,0.013322231473771857,0.05141548709408826,48.7,0.0,42,101,026302
57654.0,0.08286080117066033,0.09925725860904794,5564.0,0.011322789360172537,0.9886772106398275,0.0,0.0,0.0693745506829619,43.3,0.0,42,101,026400
42038.0,0.27830985915492956,0.07534246575342465,5523.0,0.012131088176715554,0.9505703422053232,0.0,0.0034401593336954553,0.14738366829621583,30.2,0.0,42,101,026500
47451.0,0.17601177336276674,0.0966786545377618,6836.0,0.0052662375658279695,0.9558221181977765,0.0,0.013019309537741369,0.07533645406670568,40.8,0.0,42,101,026600
49097.0,0.1699363388333117,0.12084530160032828,7697.0,0.0002598414966870209,0.9634922697154735,0.0,0.004677146940366377,0.08185007145641159,32.2,0.0,42,101,026700
41220.0,0.25357637286571294,0.13888099971598977,4614.0,0.09752925877763328,0.782618118768964,0.016038144776766364,0.08084091894234938,0.08799306458604247,42.3,0.0,42,101,026800
54725.0,0.08339920948616601,0.13543307086614173,2530.0,0.10276679841897234,0.7035573122529645,0.1359683794466403,0.021739130434782608,0.175098814229249,47.8,0.0,42,101,027100
58543.0,0.2140035118525022,0.19969088098918084,4556.0,0.05465320456540825,0.7497805092186128,0.016900790166812993,0.20061457418788411,0.211369622475856,40.8,0.0,42,101,027200
45680.0,0.23464950426161071,0.10053262316910785,5749.0,0.08297095146982084,0.6362845712297791,0.16959471212384764,0.05496608105757523,0.14680814054618194,39.9,0.0,42,101,027300
43438.0,0.2997086671522214,0.11017395888244597,2746.0,0.051711580480699196,0.5717407137654771,0.25091041514930806,0.15331391114348142,0.32265112891478515,46.9,0.0,42,101,027401
61895.0,0.3413876889848812,0.07338394294916034,7408.0,0.15064794816414687,0.5863930885529157,0.05966522678185745,0.2644438444924406,0.13215442764578833,35.0,0.0,42,101,027402
52989.0,0.20515970515970516,0.13759512937595128,4913.0,0.11479747608385915,0.7439446366782007,0.031956035009159375,0.2338693262772237,0.19397516792184002,37.0,0.003256665988194586,42,101,027500
41957.0,0.1756407241946861,0.08128988915015116,4253.0,0.007053844345168116,0.891370797084411,0.02539383964260522,0.06324947096167412,0.042087937926169765,36.7,0.0,42,101,027600
29574.0,0.31743579841668274,0.08417925229017083,5179.0,0.02104653407993821,0.9073180150608225,0.02490828345240394,0.009268198493917745,0.06989766364162966,48.7,0.0,42,101,027700
43555.0,0.1854672704816797,0.0412621359223301,4858.0,0.024495677233429394,0.9547138740222314,0.007204610951008645,0.010909839440098806,0.060312885961300945,34.5,0.0,42,101,027800
35914.0,0.23641664457990988,0.15018021625951142,3773.0,0.014577259475218658,0.91121123774185,0.005300821627352239,0.02040816326530612,0.05486350384309568,33.7,0.0,42,101,027901
33702.0,0.3048543689320388,0.07517372078332281,4762.0,0.30848383032339355,0.5737085258294834,0.045569088618227636,0.08399832003359933,0.04577908441831163,20.7,0.0012636899747262005,42,101,027902
31797.0,0.3247058823529412,0.0703891708967851,4294.0,0.010246856078248719,0.9662319515603167,0.0,0.007452258965999069,0.004890544946436889,41.0,0.0,42,101,028000
46378.0,0.23094741718786194,0.07811052794072244,4317.0,0.08987722955756312,0.8383136437340746,0.0,0.05953208246467454,0.11095668288163076,38.5,0.0,42,101,028100
30611.0,0.44304607508532423,0.10804089527493783,4840.0,0.01962809917355372,0.8696280991735538,0.07272727272727272,0.04256198347107438,0.09421487603305785,40.6,0.0,42,101,028200
22297.0,0.4717791411042945,0.052521008403361345,6669.0,0.08816914080071975,0.8424051581946319,0.033288349077822764,0.07377417903733693,0.2673564252511621,29.6,0.004071784044638818,42,101,028300
49167.0,0.5184902783072818,0.028199566160520606,2735.0,0.09177330895795247,0.3579524680073126,0.15319926873857403,0.3989031078610603,0.27349177330895796,40.1,0.0,42,101,028500
53005.0,0.24515863205603625,0.055114733004503536,7281.0,0.0634528224145035,0.5878313418486472,0.03804422469441011,0.34528224145035025,0.13075127042988602,34.2,0.0,42,101,028600
23160.0,0.5720164609053497,0.03491078355314197,2688.0,0.23065476190476192,0.20796130952380953,0.010044642857142858,0.7511160714285714,0.16741071428571427,23.2,0.0,42,101,028700
48356.0,0.3697156033820138,0.010771992818671455,5204.0,0.19254419677171405,0.18274404304381245,0.09684857801691008,0.6829362029208301,0.1550730207532667,36.6,0.0,42,101,028800
35360.0,0.3217097862767154,0.0321285140562249,4445.0,0.22924634420697412,0.1372328458942632,0.08458942632170979,0.778177727784027,0.2740157480314961,29.5,0.0,42,101,028901
33671.0,0.4175512034683809,0.13801585132549876,6748.0,0.27341434499110845,0.32587433313574393,0.11218138707765264,0.47628927089508,0.22732661529342027,27.3,0.007732342007434944,42,101,028902
43209.0,0.3608555912667627,0.17837618951204698,9054.0,0.14026949414623371,0.3725425226419262,0.20234150651645683,0.3797216699801193,0.21460128120167882,26.7,0.0013394352048219668,42,101,029000
24000.0,0.40167949615115467,0.16027164685908318,4287.0,0.16864940517844645,0.3326335432703522,0.21343596920923724,0.37438768369489156,0.36552367623046417,35.4,0.012482336316533208,42,101,029100
62793.0,0.08794260587826892,0.14467466375863322,4321.0,0.19879657486692895,0.36195325156213837,0.07706549409858829,0.3658875260356399,0.3473732932191622,34.2,0.0,42,101,029200
,0.5131360159627536,0.08424725822532403,3048.0,0.4330708661417323,0.14041994750656167,0.0,0.5137795275590551,0.08694225721784776,38.6,0.0,42,101,029300
21525.0,0.5957190957190958,0.010385756676557863,4158.0,0.2453102453102453,0.43843193843193845,0.06902356902356903,0.4276094276094276,0.06253006253006253,24.2,0.0,42,101,029400
36563.0,0.2923076923076923,0.04641869043959422,5204.0,0.31898539584934665,0.43389700230591854,0.04073789392774789,0.3908531898539585,0.09262106072252113,30.8,0.011137162954279016,42,101,029800
28398.0,0.39981680787726126,0.04046242774566474,4372.0,0.11413540713632205,0.5375114364135407,0.012808783165599268,0.38586459286367797,0.016925892040256175,30.8,0.009930715935334873,42,101,029900
31667.0,0.4506480558325025,0.092,8024.0,0.3604187437686939,0.3981804586241276,0.009596211365902293,0.4087736789631107,0.07141076769690927,31.2,0.0,42,101,030000
56122.0,0.1425274091171379,0.06762832521543649,8697.0,0.21398183281591354,0.4949982752673336,0.018512130619753937,0.34448660457629066,0.14821202713579396,33.3,0.0032358719519241883,42,101,030200
39863.0,0.288205329153605,0.06367292225201072,5104.0,0.08542319749216301,0.6398902821316614,0.053487460815047023,0.28056426332288403,0.11324451410658307,28.7,0.0,42,101,030501
55634.0,0.22812205941658825,0.11486306833289019,7469.0,0.19962511715089035,0.44276342214486547,0.062123443566742535,0.22439416253849243,0.15236310081670906,25.4,0.0,42,101,030502
58349.0,0.12887793563351696,0.09565046250738043,7058.0,0.4165485973363559,0.34613204873901954,0.06418248795692831,0.2551714366676112,0.1864550864267498,43.4,0.0,42,101,030600
50742.0,0.18826352530541013,0.193141378194759,4596.0,0.3207136640557006,0.42732811140121846,0.03959965187119234,0.23672758920800696,0.21431679721496955,34.0,0.011203866432337435,42,101,030700
58449.0,0.06241920590951062,0.17774869109947644,5443.0,0.4368914201726989,0.20705493294139263,0.14422193643211464,0.25482270806540513,0.30332537203747933,40.7,0.013553657630894913,42,101,030800
46980.0,0.17220338983050848,0.1275735294117647,4425.0,0.3367231638418079,0.4390960451977401,0.06418079096045198,0.18598870056497174,0.38169491525423727,33.6,0.0,42,101,030900
53347.0,0.240471756672874,0.12998909487459107,8135.0,0.4812538414259373,0.20467117393976644,0.17406269207129688,0.2480639213275968,0.3031346035648433,31.0,0.009239336792811036,42,101,031000
42842.0,0.30181128896377424,0.146358066712049,4748.0,0.20914069081718617,0.3607834877843302,0.15248525695029486,0.2874894692502106,0.30855096882898064,35.6,0.0,42,101,031101
49787.0,0.12159190853122251,0.09126365054602184,4560.0,0.18837719298245614,0.475,0.035964912280701755,0.4260964912280702,0.19956140350877194,28.8,0.0,42,101,031102
50336.0,0.1413799586388419,0.1391304347826087,5319.0,0.18762925361910132,0.6540703139687911,0.03835307388606881,0.2961082910321489,0.23124647490129724,33.0,0.0,42,101,031200
53735.0,0.2677922077922078,0.05051124744376278,7700.0,0.3479220779220779,0.23844155844155845,0.1796103896103896,0.20506493506493506,0.4292207792207792,32.4,0.02742782152230971,42,101,031300
50810.0,0.2943348185868873,0.019926706367384334,7969.0,0.37420002509725186,0.15735976910528296,0.15861463169782908,0.33078177939515624,0.4094616639477977,29.3,0.02542046475799204,42,101,031401
51546.0,0.2809076682316119,0.07828542094455852,6426.0,0.28586990351696234,0.12278244631185807,0.3171490818549642,0.271864301276066,0.46420790538437595,31.4,0.0,42,101,031402
52792.0,0.10440234428240425,0.16972180288979943,7359.0,0.5565973637722517,0.025818725370294875,0.369071884766952,0.12066856909906237,0.3681206685690991,33.6,0.011685905657688471,42,101,031501
40000.0,0.19390211286440226,0.1606174384647476,3758.0,0.36615220862160724,0.14342735497605108,0.28392762107503994,0.24028738690792975,0.45343267695582756,30.3,0.0,42,101,031502
61436.0,0.22582096266306792,0.07422635793118372,6746.0,0.4415950192706789,0.2651941891491254,0.1898903053661429,0.17595612214645717,0.21523865994663505,39.3,0.0,42,101,031600
29115.0,0.2478573877271169,0.059672762271414825,5860.0,0.34249146757679183,0.1598976109215017,0.10426621160409556,0.4469283276450512,0.24266211604095564,33.5,0.0011945392491467576,42,101,031700
57094.0,0.29495231449174225,0.1591474245115453,4299.0,0.29053268201907423,0.4294021865550128,0.04093975343103047,0.3051872528494999,0.23935799023028612,34.7,0.0,42,101,031800
45290.0,0.23334546778303603,0.08672408672408673,5509.0,0.3539662370666183,0.3980758758395353,0.03140315846796152,0.26937738246505716,0.10945725176983119,31.0,0.003477306002928258,42,101,031900
54142.0,0.27971371582776017,0.10703301209760098,8523.0,0.5345535609527162,0.17083186671359848,0.015487504399859204,0.3199577613516367,0.16085885251671947,30.2,0.0021398002853067048,42,101,032000
43525.0,0.22884097035040432,0.08356883326604764,3710.0,0.45417789757412397,0.24070080862533694,0.009433962264150943,0.3633423180592992,0.08274932614555255,31.0,0.0,42,101,032100
32859.0,0.2753623188405797,0.06484962406015038,3652.0,0.4323658269441402,0.3559693318729463,0.0,0.2891566265060241,0.06544359255202628,30.1,0.0,42,101,032300
45163.0,0.24810293632464533,0.04217619166458697,6100.0,0.4842622950819672,0.20131147540983607,0.12114754098360656,0.1839344262295082,0.11262295081967214,35.0,0.0,42,101,032500
64488.0,0.14979351770742086,0.09665499805523142,7991.0,0.5682642973345013,0.12376423476410962,0.1487923914403704,0.15992992116130647,0.16343386309598298,33.3,0.0,42,101,032600
41563.0,0.304430037817396,0.12259059367771781,3702.0,0.5696920583468396,0.19502971366828742,0.0864397622906537,0.28119935170178284,0.14424635332252836,38.8,0.010594947025264874,42,101,032900
46884.0,0.36846976552858907,0.11012526096033402,10074.0,0.48967639467937263,0.17341671629938454,0.0676990271987294,0.28042485606511813,0.11276553504069883,30.3,0.0,42,101,033000
61250.0,0.23799926713081715,0.07904,5458.0,0.6179919384389886,0.19127885672407474,0.05203371198241114,0.17442286551850494,0.09160864785635764,31.3,0.0,42,101,033101
52697.0,0.18312387791741472,0.1778846153846154,3910.0,0.7219948849104859,0.0907928388746803,0.010485933503836318,0.1432225063938619,0.10946291560102302,31.5,0.0,42,101,033102
70750.0,0.16084828711256116,0.10752169720347156,3088.0,0.5310880829015544,0.04792746113989637,0.32577720207253885,0.13795336787564766,0.29080310880829013,35.8,0.0,42,101,033200
49505.0,0.13276231263383298,0.1937738246505718,3790.0,0.6899736147757256,0.10976253298153034,0.11266490765171504,0.0662269129287599,0.17018469656992086,54.5,0.0,42,101,033300
49748.0,0.2604963612614294,0.16563626996393613,5676.0,0.47216349541930935,0.21529245947850598,0.24612403100775193,0.060958421423537704,0.36257928118393234,36.3,0.005935251798561151,42,101,033400
54063.0,0.1943683030152006,0.16461366181410975,4041.0,0.38059886166790396,0.22420193021529325,0.19401138332096016,0.13734224201930215,0.43974263796090074,33.3,0.03557716918351676,42,101,033500
46061.0,0.27875486381322956,0.18536380792618998,6425.0,0.6639688715953307,0.07859922178988327,0.21120622568093386,0.1598443579766537,0.28824902723735407,35.7,0.0,42,101,033600
47109.0,0.19271918855078504,0.16824440619621342,7215.0,0.5140679140679141,0.2512820512820513,0.12446292446292447,0.12557172557172558,0.3703395703395703,37.5,0.00665742024965326,42,101,033701
64940.0,0.06321922796795339,0.15931232091690545,6903.0,0.7052006374040273,0.13878024047515572,0.026944806605823556,0.18586121975952485,0.16210343328987398,38.2,0.0,42,101,033800
63998.0,0.06938993935069568,0.14719626168224298,5606.0,0.7194077773813771,0.05993578308954691,0.10506600071352122,0.15037459864430966,0.15661790938280415,41.9,0.0028735632183908046,42,101,034100
90797.0,0.04872991187143598,0.19729642742195044,7965.0,0.7133709981167609,0.09102322661644696,0.14425612052730696,0.09227871939736347,0.1958568738229755,44.8,0.0,42,101,034400
53173.0,0.11708860759493671,0.18008825151682295,5056.0,0.5561708860759493,0.21103639240506328,0.13765822784810128,0.1060126582278481,0.35739715189873417,41.0,0.02301635372501514,42,101,034501
49636.0,0.14885975938229484,0.2076249356002061,5644.0,0.4789156626506024,0.2560240963855422,0.21190644932671865,0.09000708717221828,0.3486888731396173,41.4,0.009372746935832732,42,101,034502
50346.0,0.116206762534007,0.22527472527472528,2573.0,0.4792071511853867,0.32102603964244075,0.051690633501748934,0.22930431403031482,0.2541780023319083,37.3,0.0,42,101,034600
63326.0,0.11291224147568474,0.17769970414201183,7156.0,0.6048071548351034,0.18669647847959753,0.1685299049748463,0.0747624371157071,0.24385131358300727,42.1,0.002961082910321489,42,101,034701
93397.0,0.07110481586402266,0.25611983924004383,3551.0,0.7786539003097719,0.08420163334272036,0.06336243311743171,0.08448324415657561,0.14418473669388904,44.4,0.015437392795883362,42,101,034702
65357.0,0.09585330277141071,0.1009076348104645,4811.0,0.8736229474121804,0.058823529411764705,0.04364996882145084,0.06880066514238205,0.11016420702556641,44.5,0.0029160591543428453,42,101,034801
52519.0,0.13973568281938326,0.16452231042978374,5675.0,0.6491629955947137,0.23048458149779735,0.0,0.11013215859030837,0.03700440528634361,38.1,0.0,42,101,034802
85070.0,0.13060378336356568,0.1683963843321058,3859.0,0.8313034464887277,0.019694221300855144,0.020212490282456596,0.09873024099507645,0.11090956206271055,44.1,0.0,42,101,034803
56073.0,0.16805826967489784,0.10616784630940344,5629.0,0.5324213892343223,0.2813998934091313,0.04956475395274471,0.22668324746846688,0.17640788772428495,40.7,0.0,42,101,034900
62188.0,0.12780748663101604,0.2286878091358743,3856.0,0.8368775933609959,0.07754149377593361,0.04797717842323652,0.05679460580912863,0.043568464730290454,57.3,0.003691983122362869,42,101,035100
81367.0,0.04952581664910432,0.16847414880201766,4934.0,0.8812322659100121,0.042764491284961494,0.05289825699229834,0.05472233481961897,0.06769355492501013,48.3,0.0,42,101,035200
80980.0,0.031244188209038497,0.16058960434445307,5419.0,0.8335486252076029,0.019929876360952205,0.019560804576490128,0.12751430153164792,0.04945561911791844,38.8,0.001858390633711206,42,101,035301
58750.0,0.06652173913043478,0.17923002264639276,4600.0,0.7352173913043478,0.07695652173913044,0.049130434782608694,0.08608695652173913,0.06652173913043478,33.7,0.0,42,101,035302
61579.0,0.13780455855383808,0.16912680064022764,7724.0,0.7496116002071466,0.047125841532884516,0.15290005178663904,0.03961677887105127,0.42853443811496633,39.4,0.04028066528066528,42,101,035500
53480.0,0.08945083978109077,0.26361556064073227,5458.0,0.6837669475998535,0.04598754122389154,0.15371931110296813,0.12367167460608282,0.44393550751190913,54.4,0.00311469402711616,42,101,035601
94508.0,0.013950892857142858,0.20232732732732733,3686.0,0.6481280520889854,0.06429734129137277,0.25284861638632666,0.07731958762886598,0.2721106890938687,42.8,0.020697167755991286,42,101,035602
45571.0,0.15556992027580263,0.34893009985734663,4641.0,0.5778926955397543,0.04546433958198664,0.28894634776987715,0.07175177763413057,0.6449041154923508,40.2,0.016285211267605633,42,101,035701
48333.0,0.23125734430082256,0.2590909090909091,4255.0,0.8653349001175088,0.004230317273795535,0.08695652173913043,0.024206815511163337,0.5898942420681551,38.2,0.012945774303859306,42,101,035702
59764.0,0.10829207920792079,0.22020670744568657,6464.0,0.6740408415841584,0.03016707920792079,0.2099319306930693,0.04811262376237624,0.4153774752475248,42.5,0.0013923267326732673,42,101,035800
58772.0,0.1581701880209343,0.2404035433070866,5159.0,0.6995541771661175,0.008334948633456097,0.23279705369257608,0.06396588486140725,0.2861019577437488,50.8,0.0,42,101,035900
56250.0,0.19362113402061856,0.2563551736484067,3474.0,0.5521013241220495,0.15947035118019573,0.23661485319516407,0.04404145077720207,0.3454231433506045,50.5,0.0,42,101,036000
64688.0,0.05977859778597786,0.10649441340782123,4065.0,0.6287822878228783,0.3025830258302583,0.03394833948339483,0.07970479704797048,0.16777367773677737,33.8,0.0,42,101,036100
73063.0,0.05094222406295299,0.225130890052356,4842.0,0.8775299463031805,0.026022304832713755,0.053696819496076,0.07021891780256093,0.10698058653448989,43.4,0.0,42,101,036203
77115.0,0.1500724987916868,0.20772303595206393,4149.0,0.7110147023379128,0.013497228247770547,0.22174017835623042,0.09640877319836105,0.24439624005784527,42.3,0.0,42,101,036301
110139.0,0.3152542372881356,0.10039370078740158,1032.0,0.814922480620155,0.13275193798449614,0.007751937984496124,0.07364341085271318,0.0939922480620155,63.7,0.0,42,101,036400
59402.0,0.16831470335339638,0.20086276624427069,4833.0,0.7459135112766397,0.1357334988619905,0.09993792675356922,0.04614111318021932,0.3157459135112766,46.8,0.006093717167472158,42,101,036501
86615.0,0.056407835732829835,0.21985364301622654,4237.0,0.890488553221619,0.001180080245456691,0.027377861694595232,0.08756195421288647,0.11021949492565494,44.7,0.0,42,101,036502
144659.0,0.02052401746724891,0.4579107505070994,2337.0,0.7372700042789901,0.06546854942233633,0.14976465554129226,0.11638853230637569,0.20239623448866068,42.5,0.010065645514223195,42,101,036600
150952.0,0.07459618208516887,0.4515173945225759,3405.0,0.7676945668135096,0.07165932452276065,0.09897209985315712,0.05726872246696035,0.11160058737151249,32.9,0.023494860499265784,42,101,036700
27821.0,0.5221646516983305,0.38658536585365855,5912.0,0.5832205683355887,0.14851150202976995,0.21092692828146142,0.07222598105548038,0.20551420838971582,20.1,0.016273944736395998,42,101,036902
60643.0,0.19668840943301555,0.16876411745724426,3986.0,0.5130456598093327,0.06522829904666332,0.30406422478675366,0.017561465127947817,0.2596588058203713,47.3,0.004014049172102358,42,101,037200
88348.0,0.05456095481670929,0.30900070871722185,5918.0,0.8534978033119297,0.10510307536329841,0.04139912132477188,0.09496451503886448,0.07755998648191957,39.0,0.00839041095890411,42,101,037300
75000.0,0.14966421490246243,0.1943744752308984,3449.0,0.38445926355465354,0.4578138590895912,0.09278051609162076,0.036532328211075674,0.18382139750652363,38.0,0.019275700934579438,42,101,037500
94399.0,0.21461988304093568,0.32204472843450477,3505.0,0.48074179743223966,0.20970042796005706,0.21768901569186877,0.10556348074179743,0.15920114122681883,36.1,0.00718803910293272,42,101,037600
19437.0,0.4982738780207135,0.11623931623931624,5065.0,0.39585389930898324,0.39091806515301086,0.04639684106614018,0.17413622902270484,0.11490621915103652,20.9,0.0011892963330029733,42,101,037700
62411.0,0.12294718153573014,0.22507869884575027,2253.0,0.8912561029738127,0.0,0.024411895250776743,0.06746560142032845,0.03195739014647137,35.2,0.0,42,101,037800
55517.0,0.17756221003795866,0.16183816183816183,4763.0,0.9315557421792987,0.001679613688851564,0.0,0.09216880117572958,0.09426831828679404,44.6,0.0,42,101,037900
45417.0,0.16868982838007535,0.17706237424547283,2412.0,0.703150912106136,0.08208955223880597,0.0236318407960199,0.2574626865671642,0.06135986733001658,34.2,0.011705685618729096,42,101,038000
32773.0,0.3359639233370913,0.08141321044546851,887.0,0.5377677564825254,0.19165727170236754,0.0033821871476888386,0.1939120631341601,0.10710259301014656,34.1,0.0,42,101,038100
39317.0,0.2952320808335965,0.08654797230464886,3167.0,0.6131986106725608,0.15472055573097568,0.007893905904641616,0.2519734764761604,0.08620145247868645,32.7,0.0,42,101,038200
,0.5341708542713568,0.05225125069483046,2395.0,0.2221294363256785,0.40083507306889354,0.0,0.509812108559499,0.13110647181628393,33.1,0.018789144050104383,42,101,038301
95455.0,0.030328209389281262,0.30450177035913,2407.0,0.8226007478188616,0.08516825924387204,0.04071458246780224,0.02077274615704196,0.04154549231408392,47.6,0.0,42,101,038400
107375.0,0.048240635641316684,0.31684491978609625,1819.0,0.8840021990104453,0.02583837273227048,0.02583837273227048,0.007696536558548653,0.0720175920835624,55.9,0.0,42,101,038500
118750.0,0.08158995815899582,0.2693194925028835,2593.0,0.7759352101812572,0.1280370227535673,0.06209024296182029,0.016583108368684922,0.05861935981488623,47.9,0.0038910505836575876,42,101,038700
84632.0,0.038492597577388966,0.2849538679914833,3783.0,0.6174993391488237,0.24795136135342322,0.01718213058419244,0.02696272799365583,0.039915411049431665,43.9,0.0,42,101,038800
46250.0,0.27059148700939745,0.12410680707032719,3618.0,0.0699281370923162,0.8347153123272526,0.0,0.0439469320066335,0.057766721945826424,42.2,0.001943364797334814,42,101,038900
33711.0,0.43534375775626705,0.08151700087183958,4057.0,0.19373921616958342,0.46832634951934926,0.010352477199901405,0.4557554843480404,0.20951441952181415,30.1,0.01059896475228001,42,101,039001
55965.0,0.28166395537996747,0.17094618360886388,4303.0,0.41017894492214735,0.25493841505926096,0.02742272832907274,0.5905182430862189,0.22588891471066697,34.9,0.0,42,101,039002
30077.0,0.5313914027149321,0.06292966684294024,3536.0,0.004807692307692308,0.9720022624434389,0.006504524886877828,0.02403846153846154,0.031391402714932126,26.4,0.0,42,101,039100
68958.0,0.15886472539624033,0.12400561534861956,2713.0,0.8005897530409141,0.014743826022852931,0.1503870254330999,0.035385182454847036,0.16918540361223738,43.3,0.0,42,017,100102
80708.0,0.06299212598425197,0.1889196675900277,5110.0,0.6876712328767123,0.07847358121330725,0.12289628180039139,0.06516634050880626,0.18258317025440313,40.6,0.0,42,017,100201
75688.0,0.18931358815289173,0.18964099753357083,5011.0,0.5994811414887248,0.08341648373578128,0.17940530832169227,0.18199960087806824,0.3045300339253642,43.3,0.0,42,017,100207
52546.0,0.18555862741909254,0.08911798396334479,6149.0,0.721418116766954,0.07383314360058546,0.04813790860302488,0.19320214669051877,0.1626280696048138,42.2,0.0019515368352577655,42,017,100208
108133.0,0.024756335282651074,0.2152524726704841,5130.0,0.8434697855750487,0.015984405458089667,0.11988304093567251,0.025925925925925925,0.21929824561403508,42.5,0.0,42,017,101401
73877.0,0.08775137111517367,0.1607559496033598,6038.0,0.8792646571712488,0.05515071215634316,0.008612123219609143,0.033123550844650546,0.17936402782378272,44.8,0.002497918401332223,42,017,101405
94964.0,0.012836037781545169,0.28884395011796427,4129.0,0.9343666747396464,0.0002421893921046258,0.0646645676919351,0.0007265681763138775,0.1537902639864374,47.8,0.0,42,017,101503
134423.0,0.04712439827717253,0.2614475627769572,3957.0,0.9044730856709629,0.0027798837503158957,0.04953247409653778,0.00960323477381855,0.20318423047763456,46.5,0.0,42,091,200104
72417.0,0.11688819390148554,0.2598218962807753,2716.0,0.8203240058910162,0.06553755522827688,0.04970544918998527,0.06885125184094257,0.07658321060382917,40.6,0.004836309523809524,42,091,200307
96250.0,0.028104575163398694,0.2633528866934239,4590.0,0.7627450980392156,0.0812636165577342,0.045098039215686274,0.07625272331154684,0.09084967320261438,36.0,0.0,42,091,200308
85833.0,0.11582236108011605,0.24002493765586036,4528.0,0.5379858657243817,0.2963780918727915,0.023851590106007067,0.04726148409893993,0.11395759717314488,39.9,0.0,42,091,201603
84944.0,0.02842125754331322,0.25949367088607594,5331.0,0.7009941849559183,0.08610016882386044,0.15156631026073908,0.015381729506659163,0.14237478897017444,45.4,0.0,42,091,201902
120172.0,0.06707968382824182,0.3762855414398064,4681.0,0.7643665883358257,0.13757744071779535,0.019867549668874173,0.07861568041016877,0.05233924375133518,43.0,0.0,42,091,202100
137500.0,0.05615982241953385,0.37230948225712623,4513.0,0.6924440505207179,0.2005317970307999,0.04453800132949258,0.035453135386660756,0.0842011965433193,48.7,0.0,42,091,202301
82679.0,0.08507853403141362,0.228125,2292.0,0.4952006980802792,0.4236474694589878,0.02574171029668412,0.05410122164048865,0.12303664921465969,53.6,0.0,42,091,202302
87656.0,0.10562571756601608,0.28386206896551724,5848.0,0.4794801641586867,0.3816689466484268,0.06686046511627906,0.03676470588235294,0.12876196990424077,37.2,0.0,42,091,202500
87500.0,0.10429230223483504,0.31477111845210004,2819.0,0.8449804895352963,0.05427456544874069,0.07804185881518269,0.016317843206810925,0.13976587442355445,44.2,0.006802721088435374,42,091,204300
156172.0,0.17524377031419286,0.23792645104120513,3706.0,0.7031840259039396,0.21262817053426875,0.062061521856449,0.019967620075553156,0.10226659471127901,33.0,0.005675675675675676,42,091,204400
188750.0,0.024365987071108902,0.26103988603988604,4684.0,0.8635781383432963,0.04654141759180188,0.06169940222032451,0.029888983774551667,0.11784799316823227,41.6,0.015517241379310345,42,091,204500
135893.0,0.027786259541984732,0.28865058087578194,3295.0,0.814567526555387,0.025796661608497723,0.07314112291350532,0.03277693474962064,0.14476479514415783,44.3,0.006734006734006734,42,091,204702
105060.0,0.1598240469208211,0.41515151515151516,1752.0,0.8247716894977168,0.04052511415525114,0.09075342465753425,0.04280821917808219,0.11929223744292237,30.2,0.0,42,091,205100
124331.0,0.024986709197235512,0.34297108673978066,4079.0,0.8212797254228977,0.14635940181417015,0.004658004412846286,0.019612650159352783,0.0502574160333415,49.4,0.0,42,091,210500
45313.0,0.27347758197635513,0.07923593915811815,4492.0,0.17586821015138024,0.6320124666073018,0.11687444345503116,0.0946126447016919,0.29764024933214606,32.7,0.0,42,045,400402
40521.0,0.13607674829588487,0.17183600713012478,3962.0,0.39651691065118627,0.3614336193841494,0.14765270065623423,0.09086320040383644,0.2609793033821302,38.9,0.0,42,045,400500
64015.0,0.10157649587961304,0.3177377892030848,5582.0,0.46864922966678607,0.29057685417413115,0.1479756359727696,0.12325331422429237,0.31082049444643495,37.3,0.0,42,045,400600
52121.0,0.07660455486542443,0.17768803634528016,2898.0,0.3806073153899241,0.510351966873706,0.059006211180124224,0.016563146997929608,0.11594202898550725,37.0,0.0,42,045,403401
77629.0,0.05757037788485925,0.2033500837520938,3943.0,0.8737002282525995,0.02662946994674106,0.07506974384986051,0.06543241186913518,0.0725336038549328,42.0,0.002797558494404883,42,045,403601
74643.0,0.129153605015674,0.10256410256410256,1597.0,0.9398872886662493,0.0068879148403256105,0.046963055729492796,0.0,0.03256105197244834,41.2,0.0,42,045,403701
44149.0,0.16261525565800503,0.13149847094801223,2387.0,0.8864683703393381,0.02178466694595727,0.0,0.06912442396313365,0.0008378718056137411,36.2,0.0,42,045,403702
82563.0,0.067087346396546,0.19355550651070405,6022.0,0.9553304549983395,0.0073065426768515445,0.0,0.0019926934573231483,0.05230820325473265,48.6,0.0,42,045,404004
139063.0,0.04989517819706499,0.2800829875518672,4873.0,0.7951980299610096,0.03714344346398522,0.13544018058690746,0.02011081469320747,0.15883439359737328,40.2,0.014845360824742268,42,045,409601
96181.0,0.0,0.0,296.0,0.972972972972973,0.0,0.0,0.0,0.0,5.7,0.0,42,101,980100
,0.34,0.014913007456503728,1749.0,0.1377930245854774,0.7272727272727273,0.015437392795883362,0.16923956546598057,0.0137221269296741,31.2,0.0,42,101,989100
,,0.0,112.0,0.3482142857142857,0.5625,0.08928571428571429,0.0,0.0,33.7,0.0,42,101,989300
